id,text,sentiment,source,rationale
orig_comb_0,The teacher was engaging More group time to work on group activities,positive,original_survey_combined,Combined student survey response
orig_comb_1,Teaching was on time More quizes,positive,original_survey_combined,Combined student survey response
orig_comb_2,"Well detailed notes
Well explained concepts More clear instructions given out during the lab work",neutral,original_survey_combined,Combined student survey response
orig_comb_3,The Lab works and Quizes More engaging lessons,negative,original_survey_combined,Combined student survey response
orig_comb_4,Interactive teaching and use of analogies Everything's seemingly fine,positive,original_survey_combined,Combined student survey response
orig_comb_5,Calm class Introduce small class engagements and all,neutral,original_survey_combined,Combined student survey response
orig_comb_6,"It is involving and practical
Relevant in real life application",positive,original_survey_combined,Combined student survey response
orig_comb_7,"relation of content with application to the real world. probably less group work, more individual tasks to push someone to further explore on a certain matter.",neutral,original_survey_combined,Combined student survey response
orig_comb_8,"I liked the split between the practicals and theory, gave a good way to practice was we learnt in the theory lessons, helping retain the information and understanding 
I also liked the structure of how the topics were arranged. Everything was very clear and well explained During the labs, I didn't like the fact that due to the difference in systems, some labs couldn't be done by everyone. For example personally I couldn't do much of the docker labs",positive,original_survey_combined,Combined student survey response
orig_comb_9,Data science and Data analysis,neutral,original_survey_combined,Combined student survey response
orig_comb_10,"Learning kmeans
Learning APIs Please have make up CATS because things genuinely happen and it's so unfair to the affected parties",neutral,original_survey_combined,Combined student survey response
orig_comb_11,"The lecture was very practical, a clear separation of theory and the practical to further reinforce learning Introduce BI somewhere in third year, to allow students to further appreciate the unit and have a deeper understanding towards it",positive,original_survey_combined,Combined student survey response
orig_comb_12,The mode of content delivery and assessment More quizzes,neutral,original_survey_combined,Combined student survey response
orig_comb_13,"I like that everything tested was covered,i liked the fact that we were challenged to do better and to push ourskeves More engagements, not just completing the labs
And the university's machines were crashing sometimes on heavy labs on data engineering",negative,original_survey_combined,Combined student survey response
orig_comb_14,The merging between practical and theoretical knowledge A project with a real business scenario through out the modules to help understand business intelligence real life activities,negative,original_survey_combined,Combined student survey response
orig_comb_15,The content delivery and overall flow of content Reducing the number of lab submissions made throughout the semester,negative,original_survey_combined,Combined student survey response
orig_comb_16,"Very Practical Business Intelligence as a major should be selected in 3rd year, allowing 2 years of learning. At some point the depth of the topics and the fast moving nature of a semester made this feel like a crash course. Most of the interest points can be explored after the course, however if the 8 topics were spread all through allowing us to fully immerse ourselves into the content, we would be industry ready by the end of our 4th year - positioning us strategically.",neutral,original_survey_combined,Combined student survey response
orig_comb_17,"I like how the labs help with the practical knowledge of the concepts. 
I also like how there are explanation videos in the slides I would like more analogies used when teaching.",neutral,original_survey_combined,Combined student survey response
orig_comb_18,I liked the practical approach to the modules using the labs and also enjoyed the effort put in to show real world applications of concepts learnt in class Reduced number of slides,positive,original_survey_combined,Combined student survey response
orig_comb_19,"I liked the practical examples that were used to understand theory work
The lecturer clarified parts that were not easily understood at first Students should set clear concise goals at the beginning of the semester about what they expect to learn from the course.",neutral,original_survey_combined,Combined student survey response
orig_comb_20,The method of explaining concepts No recommendations,positive,original_survey_combined,Combined student survey response
orig_comb_21,"1.How practical the module was 
2.The group work helped me improve my collaboration skills",positive,original_survey_combined,Combined student survey response
orig_comb_22,"1. The topics were developed very clearly and logically, and technical concepts were explained very clearly; making it so that my understanding was enriched throughout.

2. The assignments (particularly the labs) were very insightful, and clearly outlined such that I could follow along and learn concepts that were initially very abstract in the theory classes. There are many assignments that appear to be addressing the same areas within each topic. The reflective journal for example may be integrated elsewhere to avoid duplicate responses derived from other assignments, such as the labs.",neutral,original_survey_combined,Combined student survey response
orig_comb_23,"i liked learning data analytics and visualizations, clustering and association rule mapping, also the practical implementation of these two modules. i also liked dashboarding and customer facing analytics to reduce the number of slides, they are very many. some modules like regression had 300 slides which is a lot to read and master all the content in it",neutral,original_survey_combined,Combined student survey response
orig_comb_24,The journals and quizzes Doing physical cat 1 and cat 2 so that we don't have a lot to revise for the only cat we have,negative,original_survey_combined,Combined student survey response
orig_comb_25,"1. The variety of sodtware we learnt to use through practice.
2. The amount of practice enabled through various labs. The slides could be more organised to make it easier to go through",positive,original_survey_combined,Combined student survey response
orig_comb_26,"I liked the practical labs; they encourgaed critical thinking and problem-solving.
I appreciated the strict deadlines because they encouraged discipline and planning ahead
I liked the reflective journals because they allowed me to recall and be honest with my understanding in the topics I have none",positive,original_survey_combined,Combined student survey response
orig_comb_27,"How practical it is in daily life and how it has expanded my knowledge especially on Investments and prediction analysis which is a field I want to pursue in my career. Moreover, the fact that there was material to refer to is a positive aspect of the lab which made doing practical assignments more manageable The content is quite vast... it probably should start in 3rd year because retaining all this knowledge in the span of 2 months... i.e BI 1 and BI 2 is a bit difficult and leads me to cram the content most of the time rather than try and understand it",negative,original_survey_combined,Combined student survey response
orig_comb_28,"The lecturer was very detail oriented and had immense knowledge on all the topics being covered. 
I enjoyed doing the labs since they gave me a better understanding of all the topics and how to work through all the applications and platforms. The lecture notes were very long. 
Reading for the CAT was very hard since all the concepts from business intelligence 1 and business intelligence 2 were put together",negative,original_survey_combined,Combined student survey response
orig_comb_29,"The course is very well structured and follows a logical flow from the BI 1 and BI 2. All steps outlined in KDD are covered throughout the course, and I have learnt a lot about data pipeline, pre-processing, training and deploying models. I think that every topic was explained in-depth, which helped me gain understanding about concepts that I would not have been able to achieve if I worked independently. I also enjoyed the lab tasks as they helped me understand the concepts more practically and enhanced the way I approached different problems. The lecturer is also very organised, in terms of both notes and assigning coursework, and knowledgeable, which I think enhanced the learning experience overall. In my opinion, more labs should be assigned to individuals (or slightly smaller groups) if possible. I think this will help learners in future classes be a little more independent and learn more from the labs.",positive,original_survey_combined,Combined student survey response
orig_comb_30,"The modules made sense and there was a logical flow of ideas. I most especially enjoyed the Module on TIme series, Association Rule Mining and Natural Language Processing. In my opinion, when the lecturer is teaching he makes everything sound very important(i dont know if this makes sense, also not necessarily a negative thing) .I often end the class feeling overwhelmed and drained. I am not sure on what recommendations to give on this.

In addition, I was having a hard time doing the lab work. I suggest that maybe more explanations during class on how to do the lab work and have an example.",neutral,original_survey_combined,Combined student survey response
orig_comb_31,it was engaging with the use of labs none,positive,original_survey_combined,Combined student survey response
orig_comb_32,"1. The in depth lectures where the theory lessons translated into practical examples which were demonstrated through the labs.
2. Writing the reflective journals after each module helped solidify the concepts learnt Implementation of more catch up sessions where the lecturer guides us more through the labs",neutral,original_survey_combined,Combined student survey response
orig_comb_33,"The labs and projects really help me grasp the content
The lecturer is very patient and understanding More Labs",neutral,original_survey_combined,Combined student survey response
orig_comb_34,"1. I liked the supplementary videos in between the lecture slides that assisted me gain better understanding of the concepts.
2. The additional notes in the lecture slides helped explain the concepts better.
3. The slides were comprehensive. Cats to be uniform across all groups",positive,original_survey_combined,Combined student survey response
orig_comb_35,"1. The seamless flow between the different modules acted as building blocks for better understanding of the next module
2. The technical integration to every module learnt If the school could provide hardware with better specs , for the unit is labour intensive on the machinery",neutral,original_survey_combined,Combined student survey response
orig_comb_36,"How applicable it is in real life
Learning new things Before getting into BI, maybe a short course on frontend and backend since BI is very technical",neutral,original_survey_combined,Combined student survey response
orig_comb_37,"Hands on coding practice, Writing module reflections, Watching Assignments, Comprehensive Assessment. Giving more and more assignments, Inviting an Industry professional from a well known company whose shares are traded on the Nairobi Securities Exchange (NSE) in Kenya to give a talk.",positive,original_survey_combined,Combined student survey response
orig_comb_38,"The lecturer is nice and well-organized, he explains concepts well and is open to student opinions.
In Business Intelligence II, I appreciated how the concept of quizzes, group work labs where everyone has to commit something and the reflective journals really enable one to think deeply about what you have learnt thus content retention. Early preparation that the labs in this unit require applications that are storage consuming.",positive,original_survey_combined,Combined student survey response
orig_comb_39,The labs and the quizzes. More lab group work.,positive,original_survey_combined,Combined student survey response
orig_comb_40,Group works and quizzes -,neutral,original_survey_combined,Combined student survey response
orig_comb_41,"It was thorough, and the course is interesting Less slides, 800 slides for one unit(BI 1) is overwhelming",negative,original_survey_combined,Combined student survey response
orig_comb_42,group and evaluation methords of teaching The notes are abit too many,neutral,original_survey_combined,Combined student survey response
orig_comb_43,"1.I liked how the course combined both theoretical and practical aspects of Business Intelligence, allowing me to understand concepts and then apply them in real-world scenarios.

2.The lecturer’s clarity and engagement made complex topics easier to grasp, and the use of practical exercises and class discussions helped reinforce understanding. 1.I recommend including more hands-on projects and case studies using real datasets and BI tools. This would help students better understand how Business Intelligence is applied in real business environments and strengthen their practical skills.",positive,original_survey_combined,Combined student survey response
orig_comb_44,#NAME? None at the moment. Everything is okay so far.,positive,original_survey_combined,Combined student survey response
orig_comb_45,"The consistency was good from the lecturer which was engaging, the labs and groups work was useful To be taken to career industry and career talks",positive,original_survey_combined,Combined student survey response
orig_comb_46,"I like the structure and how each module kind of builds on the previous. I enjoy the different learning methods i.e labs, quizzes and group work A known certification associated with the unit would be nice",positive,original_survey_combined,Combined student survey response
orig_comb_47,"Good explanations of points 
Clear points Less slides on notes",negative,original_survey_combined,Combined student survey response
orig_comb_48,the interaction with Git was really nice and learning about tools maybe shortening of slides,positive,original_survey_combined,Combined student survey response
orig_comb_49,it was very interactive and very well taught it is okay,neutral,original_survey_combined,Combined student survey response
orig_comb_50,quizes and practical assignments The knowledge provided in this Unit is unbelievably excess,negative,original_survey_combined,Combined student survey response
orig_comb_51,"Getting hands on with the labs
Getting to create and use the models Less bulky content",neutral,original_survey_combined,Combined student survey response
orig_comb_52,labs and the different levels and bonus marks break the units into smaller chuncks so that the slides are not so long .,neutral,original_survey_combined,Combined student survey response
orig_comb_53,"the labs had notebooks where we could learn from, Real life applications The slides are too bulky making it discouraging to read",neutral,original_survey_combined,Combined student survey response
orig_comb_54,"Timeliness, group work Less difficult cats",negative,original_survey_combined,Combined student survey response
orig_comb_55,"How to predict stocks
Visualization of data Using r studio",positive,original_survey_combined,Combined student survey response
orig_comb_56,"The lab instructions
The group works
The practical examples used.
The journals To reduce the content a bit",neutral,original_survey_combined,Combined student survey response
orig_comb_57,"Quizzes at the end of each module.
Labs for each module. Some form of certification after completing the course.",positive,original_survey_combined,Combined student survey response
orig_comb_58,Participative class and involving labs Shorter documents as slides,positive,original_survey_combined,Combined student survey response
orig_comb_59,"1. Practical Application of Concepts: I liked that the course didn’t just focus on theory but also emphasized hands-on learning. Using real-world datasets and BI tools allowed me to see how concepts like data visualization, dashboards, and reporting apply directly to business decision-making.
2.Interactive Learning Environment: I appreciated how the teaching encouraged interaction through discussions, case studies, and group projects. This approach helped me understand complex topics like data analytics, predictive modeling, and KPIs more effectively because I could learn from both the lecturer and my peers.",positive,original_survey_combined,Combined student survey response
orig_comb_60,"The group works
The content Please the notes are alot and if it's a sitin cat if alot is covered kindly consider open book cats.",neutral,original_survey_combined,Combined student survey response
orig_comb_61,It is very practical. Every topic had a lab. There is so much content in this unit as a whole and the theory becomes hard to grasp,negative,original_survey_combined,Combined student survey response
orig_comb_62,"The material was delivered well. Like even though some topics were quite hard to understand the lecturer explained the content well without assuming we knew stuff.
The assignments given were good. Like they were comprehensive enough buy not too stressful to do
 The answers for the quiz should be provided after like we've done them for revision purposes",neutral,original_survey_combined,Combined student survey response
orig_comb_63,It was more of practical than theory To reduce the contents of the notes the pages are too much,positive,original_survey_combined,Combined student survey response
orig_comb_64,"The labs were engaging 
The classes were lively
 take away assignments",positive,original_survey_combined,Combined student survey response
orig_comb_65,"It was vast and informative 
It exposed me to very interesting knowledge Less slides",neutral,original_survey_combined,Combined student survey response
orig_comb_66,Interactive and Engaging,positive,original_survey_combined,Combined student survey response
orig_comb_67,"I liked that it was more practical it keeps the unit interesting other than learning theory online
I liked that the lecturer had a lot of course work for us that will help boost our grades I feel like for this unit it should be held in parts of the school where the WIFI is 
stable",positive,original_survey_combined,Combined student survey response
orig_comb_68,"I loved that most of these concepts were tied down to a real world application 

I also liked that the lecturer created pre-designed labs to help us understand a concept, before attempting it on our own Breaking down of topics with many slides will help. I think the brain gets drained when we see very many slides on one topic alone",positive,original_survey_combined,Combined student survey response
orig_comb_69,"Clear and structured presentation of complex information, making it easier to understand key concepts and data.
 More Interactive classes with an emphasis on visual aids to explain complex topics, e.g., videos, Case studies, and real-life applications of the technologies and tools, and their relevance. Practical focus on real-world applications and strategic insights, which helps connect theory to actionable outcomes.",positive,original_survey_combined,Combined student survey response
orig_comb_70,"The videos we watched explaining how some of the concepts we learn are implemented in the real world
I also liked the topic on time series forecasting, and the use case we focused on: the stock market. For topics with large content, it would be better to break down the slides. Reading notes from more than 200 slides can be daunting mentally.",neutral,original_survey_combined,Combined student survey response
orig_comb_71,"1. The lecturer was quite graceful in explaining different topics and the required lab work.
2. The lab work was a bit hectic. Trying to go through each module while simultaneously covering theoretical practices was difficult. Lab submissions should be made a little easier for the next groups.",neutral,original_survey_combined,Combined student survey response
orig_comb_72,I liked that the lecturer would stop during the lecture and ask questions to the students. I also liked that we had quizzes at the end of each module.,positive,original_survey_combined,Combined student survey response
orig_comb_73,"1. Having the online class as the teaching class and the physical class as the practical class. (Helps enhanced understanding since any problem would be instantly helped and you usually repeat what you said in the online class as you show it practically)
2. The labs were a good source of understanding Less slides, a manageable amount for reading for exams should probably be released at the end of the semester",negative,original_survey_combined,Combined student survey response
orig_comb_74,The lab exposure None to comment,negative,original_survey_combined,Combined student survey response
orig_comb_75,"The Quizs, The Coding part Reduce the Notes Pleaaseeee!!!!! A lot of Content 
you can imagine 200-300 slides to read, this is a bit much 

Also To Teach us how code or explain the Lab submission Requirement",neutral,original_survey_combined,Combined student survey response
orig_comb_76,"Hands-on, Practical Learning, Clear Guidance and Structured Content Include more real-world case studies or industry-based projects",positive,original_survey_combined,Combined student survey response
orig_comb_77,I liked the group work and the github collaborations for lab assignment The number of slides tends to feel very overhwhelming.,negative,original_survey_combined,Combined student survey response
orig_comb_78,Group work and assignments None from me,neutral,original_survey_combined,Combined student survey response
orig_comb_79,The many course materials and coursework that helped deepen understanding,positive,original_survey_combined,Combined student survey response
orig_comb_80,Practical Application in NVDIA stock .,positive,original_survey_combined,Combined student survey response
orig_comb_81,"The lec planned his lessons really well 
The notes were descriptive enough to understand the unit Maybe try lessen some of the notes.",negative,original_survey_combined,Combined student survey response
orig_comb_82,content delivery / further reading documents none as for now,positive,original_survey_combined,Combined student survey response
orig_comb_83,"Lab work
data analysis
docker,apis Less assignments makes the unit hectic",neutral,original_survey_combined,Combined student survey response
orig_comb_84,standard to my career path the teaching was okay,neutral,original_survey_combined,Combined student survey response
orig_comb_85,The work was well explained and I understood it. The notebooks were good way to learn the implementation.,positive,original_survey_combined,Combined student survey response
orig_comb_86,The lecturer explained extensively all the topics and guided during the lab assignments. More of lab tutorials,neutral,original_survey_combined,Combined student survey response
orig_comb_87,I liked the end-of-module quizzes and the lab assignments To have the end of topic journals,neutral,original_survey_combined,Combined student survey response
orig_comb_88,Course delivery by the lecturer the way we separate theory and practical classes More introduction to new Tools and softwares.,positive,original_survey_combined,Combined student survey response
orig_comb_89,"The course was taught extensively
The course allowed me to have hands on experience through lab work None at the moment",positive,original_survey_combined,Combined student survey response
orig_comb_90,"classes start and end on time 
The lectures are well taught I have none",positive,original_survey_combined,Combined student survey response
orig_comb_91,"I enjoyed the labs and the quizzes Some of the tools did not run properly on school laptops, If this could be addressed for all future students, it would greatly improve the unit reception.",positive,original_survey_combined,Combined student survey response
orig_comb_92,"Emphasis on Hands-on Projects, Integration of Business Context Replace a traditional final exam or large individual project with a team-based capstone project where students treat an instructor-provided dataset/scenario as a client request",negative,original_survey_combined,Combined student survey response
orig_comb_93,The balance between theory and practical lab sessions. The instructor’s clear explanations. Include more project-based assessments or group case studies using real business datasets,positive,original_survey_combined,Combined student survey response
orig_comb_94,Group work and communication The slides were lengthy,neutral,original_survey_combined,Combined student survey response
orig_comb_95,it was interesting he’s so strict,negative,original_survey_combined,Combined student survey response
orig_comb_96,"The practical approach by using different tools like Docker and Power BI, made it easier to connect theory with application.
The course helped me identify areas I can apply Business Intelligence in the future A better way of communicating theory.. sometimes the content is too much making it too much information to process and understand at once",neutral,original_survey_combined,Combined student survey response
orig_comb_97,Lecture slides and lab instructions Use some classes to summarize/revise the topic in addition to the quizzes atleast have a class discussion where students are free to ask questions abt the completed topic and get more clarification and better understanding especially for labs,neutral,original_survey_combined,Combined student survey response
orig_comb_98,Involvement in learning and practice with the lab works More assignments and quizzes for more active engagement with the unit,neutral,original_survey_combined,Combined student survey response
orig_comb_99,"Separation of theory and practical subject between online and physical classes respectively, gides through practical labs Less software-intensive alternatives, (e.g avoiding using applications like Docker)",neutral,original_survey_combined,Combined student survey response
orig_comb_100,"The practical exercises and assignments helped me apply theoretical concepts to real-world scenarios.
 To be honest the lesson and lectures everything went smoothly",neutral,original_survey_combined,Combined student survey response
orig_comb_101,the lab assignments and the reflective journal i don't have any recommendations,positive,original_survey_combined,Combined student survey response
orig_comb_102,I liked the emphasis on practical understanding. Mr. Omondi is very dedicated to delivering the content well which I appreciate. Reduce the number of slides in BI 1 lecture notes. Most of them are inflated to be honest but the number of slides can be demoralizing to a student. If there is a way to reduce the number of slides while still maintaining the content it will positively impact the students of the future.,negative,original_survey_combined,Combined student survey response
orig_comb_103,Interesting,neutral,original_survey_combined,Combined student survey response
orig_comb_104,The group work labs and the lecture slides It would be better for lecturers to take students through labs in a clearer way by simplifying the steps or give explanations on why this should be done and the impact. This is because one would finish the lab without understanding the true objective or how to apply it.,neutral,original_survey_combined,Combined student survey response
orig_comb_105,There was room for further research and group work So far so good,positive,original_survey_combined,Combined student survey response
orig_comb_106,I liked the lab work and the assignments review More reviewing of the lab work to ensure proper understanding to the students,negative,original_survey_combined,Combined student survey response
orig_comb_107,"Detailed content in this unit
Labs that are helpful When it comes to specializations in 4th year, the knowledge on BI should be readily available to students before the said year. This will help them have a rough idea of what the unit is about.",neutral,original_survey_combined,Combined student survey response
orig_comb_108,"Enjoyed the detailed lab manuals and practical sessions.
The detailed notes in each topic and diagrams. Better integration of Slack in the workflow (i.e utilizing it in labs, etc).",neutral,original_survey_combined,Combined student survey response
orig_comb_109,"time series
how it helps in business corporations using IT less notes",neutral,original_survey_combined,Combined student survey response
orig_comb_110,The in-depth explanations. The lab manuals on the topics being covered More real world referencing,neutral,original_survey_combined,Combined student survey response
orig_comb_111,"I enjoyed the practical aspect of the teaching, especially the labs and group work for each module.

I enjoyed the fact that we have access to the notes from early so you can read ahead and/or follow along in class.

I enjoyed the fact that labs were group based and we had ample time to do them. I think reflections should be graded once at the end of the semester or at least 1 week following the end of the module to give students enough time to thoroughly reflect on the content.",neutral,original_survey_combined,Combined student survey response
orig_comb_112,"I liked the labs they were engaging and learned a little bit of python
I liked the that lecture slides were consise for BI 2 I would recommend more on considering students and placing dealines that one can submit late but not extremely late and not being given mising marks even if they did the work.",neutral,original_survey_combined,Combined student survey response
orig_comb_113,"1. I liked the labs we did 
2. The quality of teaching shorter lecture notes",neutral,original_survey_combined,Combined student survey response
orig_comb_114,The lecturer and the unit itself,positive,original_survey_combined,Combined student survey response
orig_comb_115,"I enjoyed my own personal studying of the course unit, that is, the research that I had to do trying to understand the concepts in the course.

I enjoyed the lab work as well; it helped in gaining better understanding of the application of the concepts learnt in class. Having better structured slides that are detailed in a simple manner for better understanding, the current slides make the topics seem so complicated when it's not, also they are not very dependable when doing revision which is a bummer!!!",negative,original_survey_combined,Combined student survey response
orig_comb_116,Learned how businesses use data to drive their operations. Make the course more hands on,positive,original_survey_combined,Combined student survey response
orig_comb_117,"The lecturer made sure ylu understand before proceeding 
The end quizzes were a good way of remembering what we covered On the journals ... im having an issue with the lecturer viewimg my work... hence im not being graded ... maybe to find a way to make that more seemless ... cause ive raised the issue and theres a lot of friction in it being handled",negative,original_survey_combined,Combined student survey response
orig_comb_118,I having practical labs to use real world tools and data to put the concepts I learn in class into practice. I enjoyed how practical examples where used to try and explain complex BI concepts. I have no reservations on this,positive,original_survey_combined,Combined student survey response
orig_comb_119,"The teaching was clear and engaging, and the examples made the lessons easy to understand as well as the engaging quizzes and lab works . I would probably recommend that more practical case studies or projects to apply BI concepts in real world scenarios should be included",neutral,original_survey_combined,Combined student survey response
orig_comb_120,The lab works were very important At least to assist in the lab works especially before submission,neutral,original_survey_combined,Combined student survey response
orig_comb_121,I liked the quizzes and The BI2 topics. Be more step by step for practical and also the number of slides,neutral,original_survey_combined,Combined student survey response
orig_comb_122,Mode of content delivery and practical lab exercises More individual assignments,positive,original_survey_combined,Combined student survey response
orig_comb_123,The lab work and reflective journal after each module and the way concepts were taught N/a,positive,original_survey_combined,Combined student survey response
orig_comb_124,Doing the labwork and learning new concepts We should have done a power BI certification,positive,original_survey_combined,Combined student survey response
orig_comb_125,"Regression 
Ml modelling",positive,original_survey_combined,Combined student survey response
orig_comb_126,Incredibly detailed. No opinion on the matter,positive,original_survey_combined,Combined student survey response
orig_comb_127,"Straight forward content 
Deep dive knowledge of the content Reduce the number of lecture slides, some content can be placed on 1 or two pages.",neutral,original_survey_combined,Combined student survey response
orig_comb_128,the practical enabled me to understand the concept being taught Have more labs where we are having one on one with the lecturer especially APIs,neutral,original_survey_combined,Combined student survey response
orig_f3_1,The teacher was engaging,positive,original_survey_f3,Atomic student response to what they liked in the course
orig_f4_1,More group time to work on group activities,neutral,original_survey_f4,Atomic student response to recommendations/improvements
orig_f3_2,Teaching was on time,positive,original_survey_f3,Atomic student response to what they liked in the course
orig_f4_2,More quizes,neutral,original_survey_f4,Atomic student response to recommendations/improvements
orig_f3_3,"Well detailed notes
Well explained concepts",positive,original_survey_f3,Atomic student response to what they liked in the course
orig_f4_3,More clear instructions given out during the lab work,neutral,original_survey_f4,Atomic student response to recommendations/improvements
orig_f3_4,The Lab works and Quizes,positive,original_survey_f3,Atomic student response to what they liked in the course
orig_f4_4,More engaging lessons,neutral,original_survey_f4,Atomic student response to recommendations/improvements
orig_f3_5,Interactive teaching and use of analogies,positive,original_survey_f3,Atomic student response to what they liked in the course
orig_f4_5,Everything's seemingly fine,neutral,original_survey_f4,Atomic student response to recommendations/improvements
orig_f3_6,Calm class,positive,original_survey_f3,Atomic student response to what they liked in the course
orig_f4_6,Introduce small class engagements and all,neutral,original_survey_f4,Atomic student response to recommendations/improvements
orig_f3_8,relation of content with application to the real world.,positive,original_survey_f3,Atomic student response to what they liked in the course
orig_f4_8,"probably less group work, more individual tasks to push someone to further explore on a certain matter.",neutral,original_survey_f4,Atomic student response to recommendations/improvements
orig_f3_9,"I liked the split between the practicals and theory, gave a good way to practice was we learnt in the theory lessons, helping retain the information and understanding 
I also liked the structure of how the topics were arranged. Everything was very clear and well explained",positive,original_survey_f3,Atomic student response to what they liked in the course
orig_f4_9,"During the labs, I didn't like the fact that due to the difference in systems, some labs couldn't be done by everyone. For example personally I couldn't do much of the docker labs",negative,original_survey_f4,Atomic student response to recommendations/improvements
orig_f3_11,"Learning kmeans
Learning APIs",neutral,original_survey_f3,Atomic student response to what they liked in the course
orig_f4_11,Please have make up CATS because things genuinely happen and it's so unfair to the affected parties,negative,original_survey_f4,Atomic student response to recommendations/improvements
orig_f3_12,"The lecture was very practical, a clear separation of theory and the practical to further reinforce learning",positive,original_survey_f3,Atomic student response to what they liked in the course
orig_f4_12,"Introduce BI somewhere in third year, to allow students to further appreciate the unit and have a deeper understanding towards it",neutral,original_survey_f4,Atomic student response to recommendations/improvements
orig_f3_13,The mode of content delivery and assessment,positive,original_survey_f3,Atomic student response to what they liked in the course
orig_f4_13,More quizzes,neutral,original_survey_f4,Atomic student response to recommendations/improvements
orig_f3_14,"I like that everything tested was covered,i liked the fact that we were challenged to do better and to push ourskeves",positive,original_survey_f3,Atomic student response to what they liked in the course
orig_f4_14,"More engagements, not just completing the labs
And the university's machines were crashing sometimes on heavy labs on data engineering",negative,original_survey_f4,Atomic student response to recommendations/improvements
orig_f3_15,The merging between practical and theoretical knowledge,positive,original_survey_f3,Atomic student response to what they liked in the course
orig_f4_15,A project with a real business scenario through out the modules to help understand business intelligence real life activities,neutral,original_survey_f4,Atomic student response to recommendations/improvements
orig_f3_16,The content delivery and overall flow of content,positive,original_survey_f3,Atomic student response to what they liked in the course
orig_f4_16,Reducing the number of lab submissions made throughout the semester,neutral,original_survey_f4,Atomic student response to recommendations/improvements
orig_f3_17,Very Practical,positive,original_survey_f3,Atomic student response to what they liked in the course
orig_f4_17,"Business Intelligence as a major should be selected in 3rd year, allowing 2 years of learning. At some point the depth of the topics and the fast moving nature of a semester made this feel like a crash course. Most of the interest points can be explored after the course, however if the 8 topics were spread all through allowing us to fully immerse ourselves into the content, we would be industry ready by the end of our 4th year - positioning us strategically.",negative,original_survey_f4,Atomic student response to recommendations/improvements
orig_f3_18,"I like how the labs help with the practical knowledge of the concepts. 
I also like how there are explanation videos in the slides",positive,original_survey_f3,Atomic student response to what they liked in the course
orig_f4_18,I would like more analogies used when teaching.,neutral,original_survey_f4,Atomic student response to recommendations/improvements
orig_f3_19,I liked the practical approach to the modules using the labs and also enjoyed the effort put in to show real world applications of concepts learnt in class,positive,original_survey_f3,Atomic student response to what they liked in the course
orig_f4_19,Reduced number of slides,neutral,original_survey_f4,Atomic student response to recommendations/improvements
orig_f3_20,"I liked the practical examples that were used to understand theory work
The lecturer clarified parts that were not easily understood at first",positive,original_survey_f3,Atomic student response to what they liked in the course
orig_f4_20,Students should set clear concise goals at the beginning of the semester about what they expect to learn from the course.,neutral,original_survey_f4,Atomic student response to recommendations/improvements
orig_f3_21,The method of explaining concepts,positive,original_survey_f3,Atomic student response to what they liked in the course
orig_f4_21,No recommendations,neutral,original_survey_f4,Atomic student response to recommendations/improvements
orig_f3_23,"1. The topics were developed very clearly and logically, and technical concepts were explained very clearly; making it so that my understanding was enriched throughout.

2. The assignments (particularly the labs) were very insightful, and clearly outlined such that I could follow along and learn concepts that were initially very abstract in the theory classes.",positive,original_survey_f3,Atomic student response to what they liked in the course
orig_f4_23,"There are many assignments that appear to be addressing the same areas within each topic. The reflective journal for example may be integrated elsewhere to avoid duplicate responses derived from other assignments, such as the labs.",neutral,original_survey_f4,Atomic student response to recommendations/improvements
orig_f3_24,"i liked learning data analytics and visualizations, clustering and association rule mapping, also the practical implementation of these two modules. i also liked dashboarding and customer facing analytics",positive,original_survey_f3,Atomic student response to what they liked in the course
orig_f4_24,"to reduce the number of slides, they are very many. some modules like regression had 300 slides which is a lot to read and master all the content in it",neutral,original_survey_f4,Atomic student response to recommendations/improvements
orig_f3_25,The journals and quizzes,positive,original_survey_f3,Atomic student response to what they liked in the course
orig_f4_25,Doing physical cat 1 and cat 2 so that we don't have a lot to revise for the only cat we have,neutral,original_survey_f4,Atomic student response to recommendations/improvements
orig_f3_26,"1. The variety of sodtware we learnt to use through practice.
2. The amount of practice enabled through various labs.",positive,original_survey_f3,Atomic student response to what they liked in the course
orig_f4_26,The slides could be more organised to make it easier to go through,neutral,original_survey_f4,Atomic student response to recommendations/improvements
orig_f3_27,"I liked the practical labs; they encourgaed critical thinking and problem-solving.
I appreciated the strict deadlines because they encouraged discipline and planning ahead
I liked the reflective journals because they allowed me to recall and be honest with my understanding in the topics",positive,original_survey_f3,Atomic student response to what they liked in the course
orig_f4_27,I have none,neutral,original_survey_f4,Atomic student response to recommendations/improvements
orig_f3_28,"How practical it is in daily life and how it has expanded my knowledge especially on Investments and prediction analysis which is a field I want to pursue in my career. Moreover, the fact that there was material to refer to is a positive aspect of the lab which made doing practical assignments more manageable",positive,original_survey_f3,Atomic student response to what they liked in the course
orig_f4_28,The content is quite vast... it probably should start in 3rd year because retaining all this knowledge in the span of 2 months... i.e BI 1 and BI 2 is a bit difficult and leads me to cram the content most of the time rather than try and understand it,neutral,original_survey_f4,Atomic student response to recommendations/improvements
orig_f3_29,"The lecturer was very detail oriented and had immense knowledge on all the topics being covered. 
I enjoyed doing the labs since they gave me a better understanding of all the topics and how to work through all the applications and platforms.",positive,original_survey_f3,Atomic student response to what they liked in the course
orig_f4_29,"The lecture notes were very long. 
Reading for the CAT was very hard since all the concepts from business intelligence 1 and business intelligence 2 were put together",negative,original_survey_f4,Atomic student response to recommendations/improvements
orig_f3_30,"The course is very well structured and follows a logical flow from the BI 1 and BI 2. All steps outlined in KDD are covered throughout the course, and I have learnt a lot about data pipeline, pre-processing, training and deploying models. I think that every topic was explained in-depth, which helped me gain understanding about concepts that I would not have been able to achieve if I worked independently. I also enjoyed the lab tasks as they helped me understand the concepts more practically and enhanced the way I approached different problems. The lecturer is also very organised, in terms of both notes and assigning coursework, and knowledgeable, which I think enhanced the learning experience overall.",positive,original_survey_f3,Atomic student response to what they liked in the course
orig_f4_30,"In my opinion, more labs should be assigned to individuals (or slightly smaller groups) if possible. I think this will help learners in future classes be a little more independent and learn more from the labs.",neutral,original_survey_f4,Atomic student response to recommendations/improvements
orig_f3_31,"The modules made sense and there was a logical flow of ideas. I most especially enjoyed the Module on TIme series, Association Rule Mining and Natural Language Processing.",positive,original_survey_f3,Atomic student response to what they liked in the course
orig_f4_31,"In my opinion, when the lecturer is teaching he makes everything sound very important(i dont know if this makes sense, also not necessarily a negative thing) .I often end the class feeling overwhelmed and drained. I am not sure on what recommendations to give on this.

In addition, I was having a hard time doing the lab work. I suggest that maybe more explanations during class on how to do the lab work and have an example.",neutral,original_survey_f4,Atomic student response to recommendations/improvements
orig_f3_32,it was engaging with the use of labs,positive,original_survey_f3,Atomic student response to what they liked in the course
orig_f3_33,"1. The in depth lectures where the theory lessons translated into practical examples which were demonstrated through the labs.
2. Writing the reflective journals after each module helped solidify the concepts learnt",positive,original_survey_f3,Atomic student response to what they liked in the course
orig_f4_33,Implementation of more catch up sessions where the lecturer guides us more through the labs,neutral,original_survey_f4,Atomic student response to recommendations/improvements
orig_f3_34,"The labs and projects really help me grasp the content
The lecturer is very patient and understanding",positive,original_survey_f3,Atomic student response to what they liked in the course
orig_f4_34,More Labs,neutral,original_survey_f4,Atomic student response to recommendations/improvements
orig_f3_35,"1. I liked the supplementary videos in between the lecture slides that assisted me gain better understanding of the concepts.
2. The additional notes in the lecture slides helped explain the concepts better.
3. The slides were comprehensive.",positive,original_survey_f3,Atomic student response to what they liked in the course
orig_f4_35,Cats to be uniform across all groups,neutral,original_survey_f4,Atomic student response to recommendations/improvements
orig_f3_36,"1. The seamless flow between the different modules acted as building blocks for better understanding of the next module
2. The technical integration to every module learnt",positive,original_survey_f3,Atomic student response to what they liked in the course
orig_f4_36,"If the school could provide hardware with better specs , for the unit is labour intensive on the machinery",neutral,original_survey_f4,Atomic student response to recommendations/improvements
orig_f3_38,"How applicable it is in real life
Learning new things",positive,original_survey_f3,Atomic student response to what they liked in the course
orig_f4_38,"Before getting into BI, maybe a short course on frontend and backend since BI is very technical",neutral,original_survey_f4,Atomic student response to recommendations/improvements
orig_f3_39,"Hands on coding practice, Writing module reflections, Watching Assignments, Comprehensive Assessment.",positive,original_survey_f3,Atomic student response to what they liked in the course
orig_f4_39,"Giving more and more assignments, Inviting an Industry professional from a well known company whose shares are traded on the Nairobi Securities Exchange (NSE) in Kenya to give a talk.",neutral,original_survey_f4,Atomic student response to recommendations/improvements
orig_f3_40,"The lecturer is nice and well-organized, he explains concepts well and is open to student opinions.
In Business Intelligence II, I appreciated how the concept of quizzes, group work labs where everyone has to commit something and the reflective journals really enable one to think deeply about what you have learnt thus content retention.",positive,original_survey_f3,Atomic student response to what they liked in the course
orig_f4_40,Early preparation that the labs in this unit require applications that are storage consuming.,neutral,original_survey_f4,Atomic student response to recommendations/improvements
orig_f3_41,The labs and the quizzes.,positive,original_survey_f3,Atomic student response to what they liked in the course
orig_f4_41,More lab group work.,neutral,original_survey_f4,Atomic student response to recommendations/improvements
orig_f3_42,Group works and quizzes,positive,original_survey_f3,Atomic student response to what they liked in the course
orig_f3_43,"It was thorough, and the course is interesting",positive,original_survey_f3,Atomic student response to what they liked in the course
orig_f4_43,"Less slides, 800 slides for one unit(BI 1) is overwhelming",negative,original_survey_f4,Atomic student response to recommendations/improvements
orig_f3_44,group and evaluation methords of teaching,positive,original_survey_f3,Atomic student response to what they liked in the course
orig_f4_44,The notes are abit too many,neutral,original_survey_f4,Atomic student response to recommendations/improvements
orig_f3_45,"1.I liked how the course combined both theoretical and practical aspects of Business Intelligence, allowing me to understand concepts and then apply them in real-world scenarios.

2.The lecturer’s clarity and engagement made complex topics easier to grasp, and the use of practical exercises and class discussions helped reinforce understanding.",positive,original_survey_f3,Atomic student response to what they liked in the course
orig_f4_45,1.I recommend including more hands-on projects and case studies using real datasets and BI tools. This would help students better understand how Business Intelligence is applied in real business environments and strengthen their practical skills.,neutral,original_survey_f4,Atomic student response to recommendations/improvements
orig_f3_46,#NAME?,positive,original_survey_f3,Atomic student response to what they liked in the course
orig_f4_46,None at the moment. Everything is okay so far.,neutral,original_survey_f4,Atomic student response to recommendations/improvements
orig_f3_47,"The consistency was good from the lecturer which was engaging, the labs and groups work was useful",positive,original_survey_f3,Atomic student response to what they liked in the course
orig_f4_47,To be taken to career industry and career talks,neutral,original_survey_f4,Atomic student response to recommendations/improvements
orig_f3_48,"I like the structure and how each module kind of builds on the previous. I enjoy the different learning methods i.e labs, quizzes and group work",positive,original_survey_f3,Atomic student response to what they liked in the course
orig_f4_48,A known certification associated with the unit would be nice,neutral,original_survey_f4,Atomic student response to recommendations/improvements
orig_f3_49,"Good explanations of points 
Clear points",positive,original_survey_f3,Atomic student response to what they liked in the course
orig_f4_49,Less slides on notes,neutral,original_survey_f4,Atomic student response to recommendations/improvements
orig_f3_50,the interaction with Git was really nice and learning about tools,positive,original_survey_f3,Atomic student response to what they liked in the course
orig_f4_50,maybe shortening of slides,neutral,original_survey_f4,Atomic student response to recommendations/improvements
orig_f3_51,it was very interactive and very well taught,positive,original_survey_f3,Atomic student response to what they liked in the course
orig_f4_51,it is okay,neutral,original_survey_f4,Atomic student response to recommendations/improvements
orig_f3_52,quizes and practical assignments,positive,original_survey_f3,Atomic student response to what they liked in the course
orig_f4_52,The knowledge provided in this Unit is unbelievably excess,negative,original_survey_f4,Atomic student response to recommendations/improvements
orig_f3_53,"Getting hands on with the labs
Getting to create and use the models",positive,original_survey_f3,Atomic student response to what they liked in the course
orig_f4_53,Less bulky content,neutral,original_survey_f4,Atomic student response to recommendations/improvements
orig_f3_54,labs and the different levels and bonus marks,positive,original_survey_f3,Atomic student response to what they liked in the course
orig_f4_54,break the units into smaller chuncks so that the slides are not so long .,neutral,original_survey_f4,Atomic student response to recommendations/improvements
orig_f3_55,"the labs had notebooks where we could learn from, Real life applications",positive,original_survey_f3,Atomic student response to what they liked in the course
orig_f4_55,The slides are too bulky making it discouraging to read,neutral,original_survey_f4,Atomic student response to recommendations/improvements
orig_f3_56,"Timeliness, group work",positive,original_survey_f3,Atomic student response to what they liked in the course
orig_f4_56,Less difficult cats,neutral,original_survey_f4,Atomic student response to recommendations/improvements
orig_f3_57,"How to predict stocks
Visualization of data",positive,original_survey_f3,Atomic student response to what they liked in the course
orig_f4_57,Using r studio,neutral,original_survey_f4,Atomic student response to recommendations/improvements
orig_f3_58,"The lab instructions
The group works
The practical examples used.
The journals",positive,original_survey_f3,Atomic student response to what they liked in the course
orig_f4_58,To reduce the content a bit,neutral,original_survey_f4,Atomic student response to recommendations/improvements
orig_f3_59,"Quizzes at the end of each module.
Labs for each module.",positive,original_survey_f3,Atomic student response to what they liked in the course
orig_f4_59,Some form of certification after completing the course.,neutral,original_survey_f4,Atomic student response to recommendations/improvements
orig_f3_60,Participative class and involving labs,positive,original_survey_f3,Atomic student response to what they liked in the course
orig_f4_60,Shorter documents as slides,neutral,original_survey_f4,Atomic student response to recommendations/improvements
orig_f3_62,"The group works
The content",positive,original_survey_f3,Atomic student response to what they liked in the course
orig_f4_62,Please the notes are alot and if it's a sitin cat if alot is covered kindly consider open book cats.,neutral,original_survey_f4,Atomic student response to recommendations/improvements
orig_f3_63,It is very practical. Every topic had a lab.,positive,original_survey_f3,Atomic student response to what they liked in the course
orig_f4_63,There is so much content in this unit as a whole and the theory becomes hard to grasp,neutral,original_survey_f4,Atomic student response to recommendations/improvements
orig_f3_64,"The material was delivered well. Like even though some topics were quite hard to understand the lecturer explained the content well without assuming we knew stuff.
The assignments given were good. Like they were comprehensive enough buy not too stressful to do",positive,original_survey_f3,Atomic student response to what they liked in the course
orig_f4_64,The answers for the quiz should be provided after like we've done them for revision purposes,neutral,original_survey_f4,Atomic student response to recommendations/improvements
orig_f3_65,It was more of practical than theory,positive,original_survey_f3,Atomic student response to what they liked in the course
orig_f4_65,To reduce the contents of the notes the pages are too much,neutral,original_survey_f4,Atomic student response to recommendations/improvements
orig_f3_66,"The labs were engaging 
The classes were lively",positive,original_survey_f3,Atomic student response to what they liked in the course
orig_f4_66,take away assignments,neutral,original_survey_f4,Atomic student response to recommendations/improvements
orig_f3_67,"It was vast and informative 
It exposed me to very interesting knowledge",positive,original_survey_f3,Atomic student response to what they liked in the course
orig_f4_67,Less slides,neutral,original_survey_f4,Atomic student response to recommendations/improvements
orig_f3_69,"I liked that it was more practical it keeps the unit interesting other than learning theory online
I liked that the lecturer had a lot of course work for us that will help boost our grades",positive,original_survey_f3,Atomic student response to what they liked in the course
orig_f4_69,"I feel like for this unit it should be held in parts of the school where the WIFI is 
stable",neutral,original_survey_f4,Atomic student response to recommendations/improvements
orig_f3_70,"I loved that most of these concepts were tied down to a real world application 

I also liked that the lecturer created pre-designed labs to help us understand a concept, before attempting it on our own",positive,original_survey_f3,Atomic student response to what they liked in the course
orig_f4_70,Breaking down of topics with many slides will help. I think the brain gets drained when we see very many slides on one topic alone,neutral,original_survey_f4,Atomic student response to recommendations/improvements
orig_f3_71,"Clear and structured presentation of complex information, making it easier to understand key concepts and data.",positive,original_survey_f3,Atomic student response to what they liked in the course
orig_f4_71,"More Interactive classes with an emphasis on visual aids to explain complex topics, e.g., videos, Case studies, and real-life applications of the technologies and tools, and their relevance. Practical focus on real-world applications and strategic insights, which helps connect theory to actionable outcomes.",neutral,original_survey_f4,Atomic student response to recommendations/improvements
orig_f3_72,"The videos we watched explaining how some of the concepts we learn are implemented in the real world
I also liked the topic on time series forecasting, and the use case we focused on: the stock market.",positive,original_survey_f3,Atomic student response to what they liked in the course
orig_f4_72,"For topics with large content, it would be better to break down the slides. Reading notes from more than 200 slides can be daunting mentally.",neutral,original_survey_f4,Atomic student response to recommendations/improvements
orig_f3_73,"1. The lecturer was quite graceful in explaining different topics and the required lab work.
2. The lab work was a bit hectic. Trying to go through each module while simultaneously covering theoretical practices was difficult.",positive,original_survey_f3,Atomic student response to what they liked in the course
orig_f4_73,Lab submissions should be made a little easier for the next groups.,neutral,original_survey_f4,Atomic student response to recommendations/improvements
orig_f3_75,"1. Having the online class as the teaching class and the physical class as the practical class. (Helps enhanced understanding since any problem would be instantly helped and you usually repeat what you said in the online class as you show it practically)
2. The labs were a good source of understanding",positive,original_survey_f3,Atomic student response to what they liked in the course
orig_f4_75,"Less slides, a manageable amount for reading for exams should probably be released at the end of the semester",neutral,original_survey_f4,Atomic student response to recommendations/improvements
orig_f3_76,The lab exposure,positive,original_survey_f3,Atomic student response to what they liked in the course
orig_f4_76,None to comment,neutral,original_survey_f4,Atomic student response to recommendations/improvements
orig_f3_77,"The Quizs, The Coding part",positive,original_survey_f3,Atomic student response to what they liked in the course
orig_f4_77,"Reduce the Notes Pleaaseeee!!!!! A lot of Content 
you can imagine 200-300 slides to read, this is a bit much 

Also To Teach us how code or explain the Lab submission Requirement",neutral,original_survey_f4,Atomic student response to recommendations/improvements
orig_f3_78,"Hands-on, Practical Learning, Clear Guidance and Structured Content",positive,original_survey_f3,Atomic student response to what they liked in the course
orig_f4_78,Include more real-world case studies or industry-based projects,neutral,original_survey_f4,Atomic student response to recommendations/improvements
orig_f3_79,I liked the group work and the github collaborations for lab assignment,positive,original_survey_f3,Atomic student response to what they liked in the course
orig_f4_79,The number of slides tends to feel very overhwhelming.,neutral,original_survey_f4,Atomic student response to recommendations/improvements
orig_f3_80,Group work and assignments,positive,original_survey_f3,Atomic student response to what they liked in the course
orig_f4_80,None from me,neutral,original_survey_f4,Atomic student response to recommendations/improvements
orig_f3_82,Practical Application in NVDIA stock,positive,original_survey_f3,Atomic student response to what they liked in the course
orig_f3_83,"The lec planned his lessons really well 
The notes were descriptive enough to understand the unit",positive,original_survey_f3,Atomic student response to what they liked in the course
orig_f4_83,Maybe try lessen some of the notes.,neutral,original_survey_f4,Atomic student response to recommendations/improvements
orig_f3_84,content delivery / further reading documents,positive,original_survey_f3,Atomic student response to what they liked in the course
orig_f4_84,none as for now,neutral,original_survey_f4,Atomic student response to recommendations/improvements
orig_f3_85,"Lab work
data analysis
docker,apis",positive,original_survey_f3,Atomic student response to what they liked in the course
orig_f4_85,Less assignments makes the unit hectic,neutral,original_survey_f4,Atomic student response to recommendations/improvements
orig_f3_86,standard to my career path,positive,original_survey_f3,Atomic student response to what they liked in the course
orig_f4_86,the teaching was okay,neutral,original_survey_f4,Atomic student response to recommendations/improvements
orig_f3_88,The lecturer explained extensively all the topics and guided during the lab assignments.,positive,original_survey_f3,Atomic student response to what they liked in the course
orig_f4_88,More of lab tutorials,neutral,original_survey_f4,Atomic student response to recommendations/improvements
orig_f3_89,I liked the end-of-module quizzes and the lab assignments,positive,original_survey_f3,Atomic student response to what they liked in the course
orig_f4_89,To have the end of topic journals,neutral,original_survey_f4,Atomic student response to recommendations/improvements
orig_f3_90,Course delivery by the lecturer the way we separate theory and practical classes,positive,original_survey_f3,Atomic student response to what they liked in the course
orig_f4_90,More introduction to new Tools and softwares.,neutral,original_survey_f4,Atomic student response to recommendations/improvements
orig_f3_91,"The course was taught extensively
The course allowed me to have hands on experience through lab work",positive,original_survey_f3,Atomic student response to what they liked in the course
orig_f4_91,None at the moment,neutral,original_survey_f4,Atomic student response to recommendations/improvements
orig_f3_92,"classes start and end on time 
The lectures are well taught",positive,original_survey_f3,Atomic student response to what they liked in the course
orig_f3_93,I enjoyed the labs and the quizzes,positive,original_survey_f3,Atomic student response to what they liked in the course
orig_f4_93,"Some of the tools did not run properly on school laptops, If this could be addressed for all future students, it would greatly improve the unit reception.",neutral,original_survey_f4,Atomic student response to recommendations/improvements
orig_f3_94,"Emphasis on Hands-on Projects, Integration of Business Context",positive,original_survey_f3,Atomic student response to what they liked in the course
orig_f4_94,Replace a traditional final exam or large individual project with a team-based capstone project where students treat an instructor-provided dataset/scenario as a client request,neutral,original_survey_f4,Atomic student response to recommendations/improvements
orig_f3_95,The balance between theory and practical lab sessions. The instructor’s clear explanations.,positive,original_survey_f3,Atomic student response to what they liked in the course
orig_f4_95,Include more project-based assessments or group case studies using real business datasets,neutral,original_survey_f4,Atomic student response to recommendations/improvements
orig_f3_96,Group work and communication,positive,original_survey_f3,Atomic student response to what they liked in the course
orig_f4_96,The slides were lengthy,neutral,original_survey_f4,Atomic student response to recommendations/improvements
orig_f3_97,it was interesting,positive,original_survey_f3,Atomic student response to what they liked in the course
orig_f4_97,he’s so strict,neutral,original_survey_f4,Atomic student response to recommendations/improvements
orig_f3_98,"The practical approach by using different tools like Docker and Power BI, made it easier to connect theory with application.
The course helped me identify areas I can apply Business Intelligence in the future",positive,original_survey_f3,Atomic student response to what they liked in the course
orig_f4_98,A better way of communicating theory.. sometimes the content is too much making it too much information to process and understand at once,neutral,original_survey_f4,Atomic student response to recommendations/improvements
orig_f3_99,Lecture slides and lab instructions,positive,original_survey_f3,Atomic student response to what they liked in the course
orig_f4_99,Use some classes to summarize/revise the topic in addition to the quizzes atleast have a class discussion where students are free to ask questions abt the completed topic and get more clarification and better understanding especially for labs,neutral,original_survey_f4,Atomic student response to recommendations/improvements
orig_f3_100,Involvement in learning and practice with the lab works,positive,original_survey_f3,Atomic student response to what they liked in the course
orig_f4_100,More assignments and quizzes for more active engagement with the unit,neutral,original_survey_f4,Atomic student response to recommendations/improvements
orig_f3_101,"Separation of theory and practical subject between online and physical classes respectively, gides through practical labs",positive,original_survey_f3,Atomic student response to what they liked in the course
orig_f4_101,"Less software-intensive alternatives, (e.g avoiding using applications like Docker)",neutral,original_survey_f4,Atomic student response to recommendations/improvements
orig_f3_102,The practical exercises and assignments helped me apply theoretical concepts to real-world scenarios.,positive,original_survey_f3,Atomic student response to what they liked in the course
orig_f4_102,To be honest the lesson and lectures everything went smoothly,neutral,original_survey_f4,Atomic student response to recommendations/improvements
orig_f3_103,the lab assignments and the reflective journal,positive,original_survey_f3,Atomic student response to what they liked in the course
orig_f4_103,i don't have any recommendations,neutral,original_survey_f4,Atomic student response to recommendations/improvements
orig_f3_104,I liked the emphasis on practical understanding. Mr. Omondi is very dedicated to delivering the content well which I appreciate.,positive,original_survey_f3,Atomic student response to what they liked in the course
orig_f4_104,Reduce the number of slides in BI 1 lecture notes. Most of them are inflated to be honest but the number of slides can be demoralizing to a student. If there is a way to reduce the number of slides while still maintaining the content it will positively impact the students of the future.,neutral,original_survey_f4,Atomic student response to recommendations/improvements
orig_f3_106,The group work labs and the lecture slides,positive,original_survey_f3,Atomic student response to what they liked in the course
orig_f4_106,It would be better for lecturers to take students through labs in a clearer way by simplifying the steps or give explanations on why this should be done and the impact. This is because one would finish the lab without understanding the true objective or how to apply it.,neutral,original_survey_f4,Atomic student response to recommendations/improvements
orig_f3_107,There was room for further research and group work,positive,original_survey_f3,Atomic student response to what they liked in the course
orig_f4_107,So far so good,neutral,original_survey_f4,Atomic student response to recommendations/improvements
orig_f3_108,I liked the lab work and the assignments review,positive,original_survey_f3,Atomic student response to what they liked in the course
orig_f4_108,More reviewing of the lab work to ensure proper understanding to the students,neutral,original_survey_f4,Atomic student response to recommendations/improvements
orig_f3_109,"Detailed content in this unit
Labs that are helpful",positive,original_survey_f3,Atomic student response to what they liked in the course
orig_f4_109,"When it comes to specializations in 4th year, the knowledge on BI should be readily available to students before the said year. This will help them have a rough idea of what the unit is about.",neutral,original_survey_f4,Atomic student response to recommendations/improvements
orig_f3_110,"Enjoyed the detailed lab manuals and practical sessions.
The detailed notes in each topic and diagrams.",positive,original_survey_f3,Atomic student response to what they liked in the course
orig_f4_110,"Better integration of Slack in the workflow (i.e utilizing it in labs, etc).",neutral,original_survey_f4,Atomic student response to recommendations/improvements
orig_f3_111,"time series
how it helps in business corporations using IT",positive,original_survey_f3,Atomic student response to what they liked in the course
orig_f4_111,less notes,neutral,original_survey_f4,Atomic student response to recommendations/improvements
orig_f3_112,The in-depth explanations. The lab manuals on the topics being covered,positive,original_survey_f3,Atomic student response to what they liked in the course
orig_f4_112,More real world referencing,neutral,original_survey_f4,Atomic student response to recommendations/improvements
orig_f3_113,"I enjoyed the practical aspect of the teaching, especially the labs and group work for each module.

I enjoyed the fact that we have access to the notes from early so you can read ahead and/or follow along in class.

I enjoyed the fact that labs were group based and we had ample time to do them.",positive,original_survey_f3,Atomic student response to what they liked in the course
orig_f4_113,I think reflections should be graded once at the end of the semester or at least 1 week following the end of the module to give students enough time to thoroughly reflect on the content.,neutral,original_survey_f4,Atomic student response to recommendations/improvements
orig_f3_114,"I liked the labs they were engaging and learned a little bit of python
I liked the that lecture slides were consise for BI 2",positive,original_survey_f3,Atomic student response to what they liked in the course
orig_f4_114,I would recommend more on considering students and placing dealines that one can submit late but not extremely late and not being given mising marks even if they did the work.,neutral,original_survey_f4,Atomic student response to recommendations/improvements
orig_f3_115,"1. I liked the labs we did 
2. The quality of teaching",positive,original_survey_f3,Atomic student response to what they liked in the course
orig_f4_115,shorter lecture notes,neutral,original_survey_f4,Atomic student response to recommendations/improvements
orig_f3_117,"I enjoyed my own personal studying of the course unit, that is, the research that I had to do trying to understand the concepts in the course.

I enjoyed the lab work as well; it helped in gaining better understanding of the application of the concepts learnt in class.",positive,original_survey_f3,Atomic student response to what they liked in the course
orig_f4_117,"Having better structured slides that are detailed in a simple manner for better understanding, the current slides make the topics seem so complicated when it's not, also they are not very dependable when doing revision which is a bummer!!!",neutral,original_survey_f4,Atomic student response to recommendations/improvements
orig_f3_118,Learned how businesses use data to drive their operations.,positive,original_survey_f3,Atomic student response to what they liked in the course
orig_f4_118,Make the course more hands on,neutral,original_survey_f4,Atomic student response to recommendations/improvements
orig_f3_119,"The lecturer made sure ylu understand before proceeding 
The end quizzes were a good way of remembering what we covered",positive,original_survey_f3,Atomic student response to what they liked in the course
orig_f4_119,On the journals ... im having an issue with the lecturer viewimg my work... hence im not being graded ... maybe to find a way to make that more seemless ... cause ive raised the issue and theres a lot of friction in it being handled,neutral,original_survey_f4,Atomic student response to recommendations/improvements
orig_f3_120,I having practical labs to use real world tools and data to put the concepts I learn in class into practice. I enjoyed how practical examples where used to try and explain complex BI concepts.,positive,original_survey_f3,Atomic student response to what they liked in the course
orig_f4_120,I have no reservations on this,neutral,original_survey_f4,Atomic student response to recommendations/improvements
orig_f3_121,"The teaching was clear and engaging, and the examples made the lessons easy to understand as well as the engaging quizzes and lab works .",positive,original_survey_f3,Atomic student response to what they liked in the course
orig_f4_121,I would probably recommend that more practical case studies or projects to apply BI concepts in real world scenarios should be included,neutral,original_survey_f4,Atomic student response to recommendations/improvements
orig_f3_122,The lab works were very important,positive,original_survey_f3,Atomic student response to what they liked in the course
orig_f4_122,At least to assist in the lab works especially before submission,neutral,original_survey_f4,Atomic student response to recommendations/improvements
orig_f3_123,I liked the quizzes and The BI2 topics.,positive,original_survey_f3,Atomic student response to what they liked in the course
orig_f4_123,Be more step by step for practical and also the number of slides,neutral,original_survey_f4,Atomic student response to recommendations/improvements
orig_f3_124,Mode of content delivery and practical lab exercises,positive,original_survey_f3,Atomic student response to what they liked in the course
orig_f4_124,More individual assignments,neutral,original_survey_f4,Atomic student response to recommendations/improvements
orig_f3_125,The lab work and reflective journal after each module and the way concepts were taught,positive,original_survey_f3,Atomic student response to what they liked in the course
orig_f3_126,Doing the labwork and learning new concepts,positive,original_survey_f3,Atomic student response to what they liked in the course
orig_f4_126,We should have done a power BI certification,neutral,original_survey_f4,Atomic student response to recommendations/improvements
orig_f3_128,Incredibly detailed.,positive,original_survey_f3,Atomic student response to what they liked in the course
orig_f4_128,No opinion on the matter,neutral,original_survey_f4,Atomic student response to recommendations/improvements
orig_f3_129,"Straight forward content 
Deep dive knowledge of the content",positive,original_survey_f3,Atomic student response to what they liked in the course
orig_f4_129,"Reduce the number of lecture slides, some content can be placed on 1 or two pages.",neutral,original_survey_f4,Atomic student response to recommendations/improvements
orig_f3_130,the practical enabled me to understand the concept being taught,positive,original_survey_f3,Atomic student response to what they liked in the course
orig_f4_130,Have more labs where we are having one on one with the lecturer especially APIs,neutral,original_survey_f4,Atomic student response to recommendations/improvements
supp_neg_001,"The professor spoke too fast, skipped key derivations, and dismissed questions during lecture.",negative,supplemental_verified,"Clear dissatisfaction with teaching pace, explanation depth, and student interaction."
supp_neg_002,"The lab instructions were disorganized, outdated, and full of broken links and syntax errors.",negative,supplemental_verified,Explicit criticism of lab material quality and lack of maintenance.
supp_neg_003,Grading rubrics were extremely vague and assignments took over two months to be returned.,negative,supplemental_verified,Strong dissatisfaction with unfair evaluation standards and delayed feedback.
supp_neg_004,The lecture slides were overwhelming with over 150 dense text-heavy slides per session.,negative,supplemental_verified,Severe complaint regarding unmanageable slide volume and poor pedagogical presentation.
supp_neg_005,The virtual machine environment kept crashing and we received no technical support during the lab.,negative,supplemental_verified,Technical failure obstructing learning without adequate teaching assistance.
supp_neg_006,Teaching assistants were unhelpful and never responded to questions posted on the discussion forum.,negative,supplemental_verified,Explicit grievance regarding unavailable and unsupportive teaching staff.
supp_neg_007,The workload was completely unreasonable with three major project deadlines falling in the same week.,negative,supplemental_verified,Severe scheduling issue causing excessive student stress and unmanageable workload.
supp_neg_008,Exams tested minor footnotes rather than the core analytical principles taught during lectures.,negative,supplemental_verified,Unfair assessment alignment that contradicts learning objectives.
supp_neg_009,The lecturer frequently arrived 20 minutes late and cancelled multiple office hour sessions.,negative,supplemental_verified,Unprofessional attendance and lack of student availability.
supp_neg_010,The code samples provided did not run on Python 3 and had missing dependency instructions.,negative,supplemental_verified,Defective educational resources hindering assignment completion.
supp_neg_011,Very poor explanation of neural networks and time series analysis. I was completely lost.,negative,supplemental_verified,Direct expression of confusion caused by deficient instructional delivery.
supp_neg_012,Group assignments were unfair because free-riders received identical marks without contributing.,negative,supplemental_verified,Systemic inequity in group grading policy.
supp_neg_013,Audio quality in the recorded lectures was awful with constant background noise and echo.,negative,supplemental_verified,Unusable multimedia resources impairing study.
supp_neg_014,The textbook was mandatory and expensive but never actually referenced or used in class.,negative,supplemental_verified,Unnecessary financial burden with zero pedagogical utility.
supp_neg_015,Not enough time was given to finish the coding exam and the server crashed during submission.,negative,supplemental_verified,High-stakes testing malfunction and unreasonable time constraint.
supp_neg_016,I felt unprepared for the real world because practical coding was barely covered.,negative,supplemental_verified,Disappointment with excessive theory and lack of practical skill development.
supp_neg_017,The feedback on my essay was just a grade with zero written comments or explanation.,negative,supplemental_verified,Absence of formative feedback preventing student learning.
supp_neg_018,Lectures were monotonous and simply reading bullet points off the slides with no enthusiasm.,negative,supplemental_verified,Lack of engagement and ineffective pedagogical delivery.
supp_neg_019,Prerequisites were not clearly communicated and the math background assumed was too advanced.,negative,supplemental_verified,Misleading course requirements leading to extreme student struggle.
supp_neg_020,The course felt like a disorganized crash course where topics were randomly thrown together.,negative,supplemental_verified,Lack of coherent syllabus progression and thematic structure.
supp_neg_021,The database lab server was constantly down during peak submission hours.,negative,supplemental_verified,Unreliable lab infrastructure severely impacting student deliverables.
supp_neg_022,Not worth the tuition fees; the content can easily be learned on free YouTube tutorials.,negative,supplemental_verified,Low perceived course value and quality.
supp_neg_023,The instructor was dismissive of student difficulties and refused to clarify assignment requirements.,negative,supplemental_verified,Unsupportive educator behavior creating a hostile learning environment.
supp_neg_024,Too much theory and unnecessary derivations without ever demonstrating how to apply them in code.,negative,supplemental_verified,Imbalance toward non-practical content.
supp_neg_025,The final exam contained questions from topics explicitly excluded from the revision outline.,negative,supplemental_verified,Breach of syllabus guidelines in formal evaluation.
supp_pos_001,The professor gave fantastic lectures with intuitive explanations and real-world industrial case studies.,positive,supplemental_verified,Enthusiastic praise for instructional clarity and practical industry relevance.
supp_pos_002,Hands-on Docker and Power BI lab sessions were extremely engaging and deepened my understanding.,positive,supplemental_verified,Strong positive appraisal of technical tool mastery and practical exercises.
supp_pos_003,"Teaching assistants provided prompt, thorough, and highly encouraging feedback on all assignments.",positive,supplemental_verified,Appreciation for supportive mentorship and quality feedback.
supp_pos_004,"The course materials were exceptionally well structured, concise, and easy to navigate.",positive,supplemental_verified,High satisfaction with syllabus organization and document design.
supp_pos_005,I really enjoyed how theory in morning sessions was immediately reinforced with afternoon coding labs.,positive,supplemental_verified,Praise for pedagogical alignment between theoretical concepts and practical application.
supp_pos_006,Clear grading criteria and helpful rubrics made expectations transparent and fair from day one.,positive,supplemental_verified,Appreciation for fair and transparent grading.
supp_pos_007,The instructor fostered an inclusive and highly participative classroom atmosphere where everyone felt comfortable.,positive,supplemental_verified,Praise for positive learning culture and student engagement.
supp_pos_008,Step-by-step Jupyter notebooks and code walkthroughs made complex algorithms accessible and fun.,positive,supplemental_verified,Satisfaction with guided interactive coding resources.
supp_pos_009,Outstanding course that gave me the exact skills and portfolio projects needed for data engineering internships.,positive,supplemental_verified,High value career preparedness and practical competency development.
supp_pos_010,The lecturer always made time for questions and held extra review sessions before exams.,positive,supplemental_verified,Appreciation for educator dedication and supplementary exam preparation.
supp_pos_011,Great balance of individual practice and collaborative teamwork on data pipelines.,positive,supplemental_verified,Positive evaluation of collaborative learning.
supp_pos_012,The quizzes after each module were super helpful for self-assessing understanding before moving forward.,positive,supplemental_verified,Appreciation for formative modular assessment.
supp_pos_013,"Excellent explanations of difficult topics like clustering, dimensionality reduction, and API deployment.",positive,supplemental_verified,Specific praise for conceptual clarity on advanced subjects.
supp_pos_014,I loved the capstone project because it allowed us to work with real company datasets.,positive,supplemental_verified,Enthusiastic engagement with authentic industry problem solving.
supp_pos_015,"The instructor was very energetic, passionate, and inspiring throughout the entire semester.",positive,supplemental_verified,Positive educator charisma and motivating instructional delivery.
supp_neu_001,"The syllabus covered regression, clustering, time series forecasting, and natural language processing.",neutral,supplemental_verified,Purely descriptive topical listing without sentiment expression.
supp_neu_002,Lectures were scheduled twice a week on Tuesdays and Thursdays from two to four in the afternoon.,neutral,supplemental_verified,Factual logistical statement.
supp_neu_003,"The course utilized Python, R Studio, Jupyter Notebooks, and PostgreSQL for assignments.",neutral,supplemental_verified,Factual list of software tools and technologies.
supp_neu_004,"Assessment consisted of three quizzes, two lab submissions, and a final written examination.",neutral,supplemental_verified,Descriptive course evaluation breakdown.
supp_neu_005,The pacing was standard and lecture slides were uploaded to the portal after class.,neutral,supplemental_verified,Neutral observation of course routine and administration.
supp_neu_006,Adding a few more practice questions at the end of each slide deck would be helpful for revision.,neutral,supplemental_verified,Polite constructive suggestion without negative grievance or emotional polarity.
supp_neu_007,Consider allocating fifteen minutes at the end of class for group discussion and question review.,neutral,supplemental_verified,Constructive pedagogical recommendation.
supp_neu_008,The content met standard curriculum requirements and followed the published syllabus outline.,neutral,supplemental_verified,Objective statement of course alignment.
supp_neu_009,Recommended readings were taken from the standard Business Intelligence textbook chapters three through eight.,neutral,supplemental_verified,Factual citation of reading materials.
supp_neu_010,It would be nice to have optional advanced exercises for students who finish the baseline lab early.,neutral,supplemental_verified,Constructive extension suggestion without dissatisfaction.
supp_neu_011,The course is divided into Business Intelligence I for theory and Business Intelligence II for applications.,neutral,supplemental_verified,Factual organizational description.
supp_neu_012,Students worked in pairs during in-person lab sessions.,neutral,supplemental_verified,Objective operational statement.
supp_neu_013,Weekly office hours were conducted in room 302 and via video conference.,neutral,supplemental_verified,Factual scheduling information.
supp_neu_014,A brief summary cheat sheet for Docker commands would be a convenient reference for future cohorts.,neutral,supplemental_verified,Constructive suggestion for auxiliary material.
supp_neu_015,Course grades were weighted fifty percent coursework and fifty percent final assessment.,neutral,supplemental_verified,Factual grading rubric description.
